object_id,object_type,temperature_K,pressure_Pa,mass_flow_kg_s,molar_flow_mol_s,volumetric_flow_m3_s,density_kg_m3,vapor_molar_fraction,specific_enthalpy_kJ_kg,methanol_mass_fraction,methanol_mass_flow_kg_s,energy_flow_kW
MSTR-201_CONDENSADO_CALIENTE,material_stream,453.15,1200000.0,10.0,554.841358012288,0.0112705959240608,887.264530409763,0.0,-1807.69489371447,0.001,0.01,-18076.9489371447
MSTR-202_MEZCLA_FLASH,material_stream,406.652761777802,300000.0,10.0,554.841358012288,0.691677833871524,14.4575979022301,0.10908824,-1807.69489357763,0.001,0.01,-18076.9489357763
MSTR-203_VAPOR_FLASH,material_stream,406.652761777802,300000.0,1.04887751938762,58.11756470435,0.654967724572555,1.60141863489859,1.0,187.323116027856,0.0040799301575749,0.00427934702295189,196.478165712399
MSTR-204_LIQUIDO_FLASH,material_stream,406.652761777802,300000.0,8.95112244030124,496.723793307938,0.0096068660470309,931.742193185641,0.0,-2052.32704953051,0.000639088665107268,0.00572056089158383,-18349.4271014887
